epoch,loss,accuracy
1,10.111607504387697,0.9056818181818181
2,10.10961286102732,0.9056818181818181
3,10.107614636421204,0.9056818181818181
4,10.105617935458818,0.9056818181818181
5,10.103620627274116,0.9056818181818181
6,10.10162753239274,0.9056818181818181
7,10.099630345900854,0.9056818181818181
8,10.097640206416449,0.9056818181818181
9,10.095646853248278,0.9056818181818181
10,10.093651425093412,0.9056818181818181
