epoch,loss,accuracy
0,0.5820711544968865,0.9761363636363637
1,0.0,1.0
2,0.0,1.0
3,0.0,1.0
4,0.0,1.0
5,0.0,1.0
6,0.0,1.0
7,0.0,1.0
8,0.0,1.0
9,0.0,1.0
